{
  "resources": [
    "808sprite.ogg",
    "808sprite.m4a",
    "808sprite.mp3",
    "808sprite.ac3"
  ],
  "spritemap": {
    "808-bd02": {
      "start": 0,
      "end": 0.36489795918367346,
      "loop": false
    },
    "808-bd14": {
      "start": 2,
      "end": 2.8601814058956916,
      "loop": false
    },
    "808-clap2": {
      "start": 4,
      "end": 4.356961451247166,
      "loop": false
    },
    "808-cym01": {
      "start": 6,
      "end": 6.80843537414966,
      "loop": false
    },
    "808-hh02": {
      "start": 8,
      "end": 8.118503401360543,
      "loop": false
    },
    "808-sd03": {
      "start": 10,
      "end": 10.181179138321996,
      "loop": false
    },
    "808-tme1": {
      "start": 12,
      "end": 12.261315192743764,
      "loop": false
    }
  }
}