{
  "resources": [
    "909sprite.ogg",
    "909sprite.m4a",
    "909sprite.mp3",
    "909sprite.ac3"
  ],
  "spritemap": {
    "909-Kick-T7AADA": {
      "start": 0,
      "end": 0.4940136054421769,
      "loop": false
    },
    "909-LoTom-3DA": {
      "start": 2,
      "end": 2.6751020408163266,
      "loop": false
    },
    "909-Snare-T0T3SA": {
      "start": 4,
      "end": 4.181541950113378,
      "loop": false
    }
  }
}